{
  "models": {
    "node_classification": "s3://aws-neptune-customer-samples/v2/neptune-ml/pretrained-models/v2/node-classification/model.tar.gz",
    "node_regression": "s3://aws-neptune-customer-samples/v2/neptune-ml/pretrained-models/v2/node-regression/model.tar.gz",
    "link_prediction": "s3://aws-neptune-customer-samples/v2/neptune-ml/pretrained-models/v2/link-prediction/model.tar.gz",
    "edge_regression": "s3://aws-neptune-customer-samples/v2/neptune-ml/pretrained-models/v2/edge-regression/model.tar.gz",
    "edge_classification": "s3://aws-neptune-customer-samples/v2/neptune-ml/pretrained-models/v2/edge-classification/model.tar.gz"
  },
  "models_cn": {
    "node_classification": "s3://aws-neptune-customer-samples-cn-northwest-1/v2/neptune-ml/pretrained-models/v2/node-classification/model.tar.gz",
    "node_regression": "s3://aws-neptune-customer-samples-cn-northwest-1/v2/neptune-ml/pretrained-models/v2/node-regression/model.tar.gz",
    "link_prediction": "s3://aws-neptune-customer-samples-cn-northwest-1/v2/neptune-ml/pretrained-models/v2/link-prediction/model.tar.gz",
    "edge_regression": "s3://aws-neptune-customer-samples-cn-northwest-1/v2/neptune-ml/pretrained-models/v2/edge-regression/model.tar.gz",
    "edge_classification": "s3://aws-neptune-customer-samples-cn-northwest-1/v2/neptune-ml/pretrained-models/v2/edge-classification/model.tar.gz"
  },
  "container_images": {
    "us-west-1":"891482049861.dkr.ecr.us-west-1.amazonaws.com/graphlytics-pytorch-inference:v1-1.6.0-cpu-py3",
    "us-west-2":"891482049861.dkr.ecr.us-west-2.amazonaws.com/graphlytics-pytorch-inference:v1-1.6.0-cpu-py3",
    "us-east-1":"891482049861.dkr.ecr.us-east-1.amazonaws.com/graphlytics-pytorch-inference:v1-1.6.0-cpu-py3",
    "us-east-2":"891482049861.dkr.ecr.us-east-2.amazonaws.com/graphlytics-pytorch-inference:v1-1.6.0-cpu-py3",
    "ap-northeast-1":"891482049861.dkr.ecr.ap-northeast-1.amazonaws.com/graphlytics-pytorch-inference:v1-1.6.0-cpu-py3",
    "ap-northeast-2":"891482049861.dkr.ecr.ap-northeast-2.amazonaws.com/graphlytics-pytorch-inference:v1-1.6.0-cpu-py3",
    "ap-southeast-1":"891482049861.dkr.ecr.ap-southeast-1.amazonaws.com/graphlytics-pytorch-inference:v1-1.6.0-cpu-py3",
    "ap-southeast-2":"891482049861.dkr.ecr.ap-southeast-2.amazonaws.com/graphlytics-pytorch-inference:v1-1.6.0-cpu-py3",
    "ap-south-1":"891482049861.dkr.ecr.ap-south-1.amazonaws.com/graphlytics-pytorch-inference:v1-1.6.0-cpu-py3",
    "ap-east-1":"492694554042.dkr.ecr.ap-east-1.amazonaws.com/graphlytics-pytorch-inference:v1-1.6.0-cpu-py3",
    "ca-central-1": "891482049861.dkr.ecr.ca-central-1.amazonaws.com/graphlytics-pytorch-inference:v1-1.6.0-cpu-py3",
    "eu-central-1":"891482049861.dkr.ecr.eu-central-1.amazonaws.com/graphlytics-pytorch-inference:v1-1.6.0-cpu-py3",
    "eu-north-1":"891482049861.dkr.ecr.eu-north-1.amazonaws.com/graphlytics-pytorch-inference:v1-1.6.0-cpu-py3",
    "eu-west-1":"891482049861.dkr.ecr.eu-west-1.amazonaws.com/graphlytics-pytorch-inference:v1-1.6.0-cpu-py3",
    "eu-west-2":"891482049861.dkr.ecr.eu-west-2.amazonaws.com/graphlytics-pytorch-inference:v1-1.6.0-cpu-py3",
    "eu-west-3":"891482049861.dkr.ecr.eu-west-3.amazonaws.com/graphlytics-pytorch-inference:v1-1.6.0-cpu-py3",
    "me-south-1":"931515848886.dkr.ecr.me-south-1.amazonaws.com/graphlytics-pytorch-inference:v1-1.6.0-cpu-py3",
    "sa-east-1":"891482049861.dkr.ecr.sa-east-1.amazonaws.com/graphlytics-pytorch-inference:v1-1.6.0-cpu-py3",
    "cn-north-1":"639043989634.dkr.ecr.cn-north-1.amazonaws.com.cn/graphlytics-pytorch-inference:v1-1.6.0-cpu-py3",
    "cn-northwest-1":"639043989634.dkr.ecr.cn-northwest-1.amazonaws.com.cn/graphlytics-pytorch-inference:v1-1.6.0-cpu-py3",
    "us-gov-west-1":"106643864031.dkr.ecr.sa-east-1.amazonaws.com/graphlytics-pytorch-inference:v1-1.6.0-cpu-py3"
  }
}